K Value,Cross Val Accuracy
3,0.9714527680991096
5,0.9749298296554393
7,0.9693621757646149
9,0.9672740030971738
